,PCA1,PCA2,PCA3,PCA4,PCA5,categoria
0,-0.014331143204018303,-0.005517061509715583,-0.0069550148129916695,-0.004511230541868207,-0.001222248596044852,1
1,-0.014331435243613837,-0.005462887667292398,-0.006985978214883254,-0.0043458540331891655,-0.0016401147583842823,1
2,-0.014331115257479557,-0.005561196315344294,-0.006668009076489359,-0.004143910469131461,0.00024339116976143134,1
3,-0.01433085589924163,-0.0055714129880538735,-0.006876355734794825,-0.004155647108848897,-0.00015658169960619403,1
4,-0.014331254044173625,-0.005599104279403346,-0.006763750866236975,-0.00495305466984139,-0.0011322819221215672,1
5,-0.014331049554451688,-0.005544544886396332,-0.006773064862805515,-0.004143148644306785,-0.000609307349399203,1
6,-0.01433112782712255,-0.0055621159818973675,-0.006750672090721244,-0.004631294717851712,-0.0011302235863019433,1
7,-0.014331077013010151,-0.005563097989880385,-0.006916248071184279,-0.0045129928930773815,-0.000612400864754524,1
8,-0.014330933095476584,-0.0055708422292197165,-0.0067221246244823715,-0.004439076299708289,0.00021682495097732766,1
9,-0.01433094915758728,-0.005557432796793742,-0.006781953290180876,-0.004255396768049564,0.00023968018034651017,1
10,-0.014330956287490116,-0.00557854311360412,-0.006782428338518623,-0.004675720024500009,-0.0010633910609055925,1
11,-0.014331209157474675,-0.005497980938298806,-0.006798176126460066,-0.004396379739338536,-0.0014651793870348812,1
12,-0.014331014585114609,-0.005586542774645095,-0.006728027154875546,-0.004978768367164098,-0.000864837641559963,1
13,-0.014330970020598204,-0.005582569624679921,-0.006631552973098366,-0.0040941078831262115,0.0003573157009190289,1
14,-0.014331070919411616,-0.005569948059212675,-0.006944390783333398,-0.004693027930125435,-0.0012060593028644625,1
15,-0.014331172212277959,-0.005528234579630675,-0.006940136956854224,-0.004830876772508561,-0.002041734113669697,1
16,-0.01433097634286972,-0.005464451626567819,-0.0069589482503406505,-0.004069562368547885,-0.0003571280977995055,1
17,-0.014331122881485798,-0.005535618304851799,-0.006887890393261334,-0.004422651823307105,-0.0007225414802938561,1
18,0.9418406508530502,0.007995098401691934,0.00822012675119957,0.004051722334527935,0.000266965552105832,0
19,0.5806118360581245,0.0034369078266216773,0.0033052859927137214,0.001429234728867837,2.6541809892925824e-05,0
20,0.5806118439939485,0.0034372947138299683,0.0033083038924749462,0.0014615098967104747,0.00014674027177131397,0
21,0.5806118384466513,0.0034364673673057387,0.003306383276023599,0.0014368020797285437,4.7254502223237815e-05,0
22,0.5806118392908594,0.0034411614901357136,0.003294988106909896,0.0014387458105375,5.70182653870732e-05,0
23,0.5806118468760185,0.0034403211079892253,0.0032986466153530083,0.0014555916075114314,8.477567624803455e-05,0
24,0.5806118431679672,0.0034387372161745083,0.0032991145102795635,0.001443681296474947,3.467913655023951e-05,0
25,0.580611843410047,0.0034382948346945966,0.003301861621863867,0.0014468686920082684,5.414363996841543e-05,0
26,0.5806118494278675,0.0034371220389253832,0.0033056286493720797,0.00146806068217481,0.00013566525368596246,0
27,0.5806118472857749,0.003437242196436281,0.0033054112337029327,0.0014517583943959257,0.00010766408644047662,0
28,0.5806118631344632,0.003433055324505141,0.0033094764800282654,0.0014442300576464864,0.0001811588660627894,0
29,0.5806118414458533,0.0034401023943566333,0.0033000359923397,0.0014429734055623799,5.82821355329457e-05,0
30,0.5806118404828176,0.0034389233087932292,0.0033036491112487325,0.0014541146605296998,0.00010945470985957616,0
31,0.5806118502100098,0.0034398278323448128,0.003300998982436573,0.0014667704028245346,0.00011819125652823363,0
32,0.5806118455840539,0.003439912398631954,0.003297961031981441,0.0014624450307177145,9.036419478131895e-05,0
33,0.5806118408088818,0.003436803072723315,0.003300256185784841,0.001436225617413002,7.670595318604376e-05,0
34,0.5806118415748822,0.0034380707106994725,0.0033015722600215876,0.001442289712700667,5.988202968022045e-05,0
35,0.5806118476255484,0.0034361477884870643,0.0033052930228347445,0.0014493940132116294,0.00010067552389168941,0
36,-0.014330891202400569,-0.005597963133106476,-0.0067855542349007075,-0.004547134300714752,-0.0005791435353934031,1
37,-0.014331139372761838,-0.005514585558121527,-0.006896592430714192,-0.0041385345445077324,-0.0004835274796486699,1
38,-0.01433134192153806,-0.005486043184516853,-0.006813560126181265,-0.004476737770900248,-0.0021988885004954623,1
39,-0.014330979234440827,-0.005599283997999006,-0.006718727814091214,-0.004238776078410261,6.590502079082886e-05,1
40,-0.014331124557430694,-0.005550863046403911,-0.006806719644658682,-0.004077733088007304,-0.00031725350127161496,1
41,-0.014331053411880715,-0.005575005883778294,-0.006730796808787838,-0.0043823341367679085,-0.0003359925800119476,1
42,-0.014330976093640011,-0.0054838944540143274,-0.006976001473335035,-0.003822930496097538,-0.00034881325361168673,1
43,-0.014330970123038798,-0.005609897570836632,-0.006773918661821893,-0.004699601352968323,-0.0006456916839503082,1
44,-0.014330842547882992,-0.005516532823818332,-0.006954553166589009,-0.0042996413352699775,-0.0006044605277913803,1
45,-0.014331007388103428,-0.0055669197218692025,-0.006787543155312577,-0.00434654577416363,-4.856651473610828e-05,1
46,-0.014331013691028831,-0.005540701399727033,-0.006960171070035966,-0.00436672666672558,3.363756378284196e-05,1
47,-0.01433091878634819,-0.005532548238919682,-0.0068517356380386665,-0.004118643642655867,-0.0003725375740553797,1
48,-0.01433094872801284,-0.005600083685332697,-0.006799309560713807,-0.004473573550467941,-0.0006290027364020839,1
49,-0.014330960604673957,-0.005542741143055347,-0.006761098364493503,-0.004355470317605483,-0.00020832545156803528,1
50,-0.014331030477279986,-0.005590645855503203,-0.0067797814894869895,-0.004530197626016185,-0.00041303216724425867,1
51,-0.014331206079309652,-0.005526205137386749,-0.00684058194493262,-0.004602060302552357,-0.001383413572987052,1
52,-0.014330869904101451,-0.005546221456299918,-0.006755509609421237,-0.0041109086006845645,0.0001526244324044495,1
53,-0.014331078656263936,-0.005560229617653194,-0.006730167903021084,-0.004420470342235318,-0.0003388113727402793,1
54,-0.014330890124730038,-0.0055345464320698005,-0.00687925471394254,-0.004327880047648938,-7.049870170387995e-05,1
55,-0.014330963961023763,-0.005552203042511248,-0.006814968041599631,-0.004506865714067958,0.000322739927184516,1
56,-0.014330941702473605,-0.005548222402233771,-0.006918536021842276,-0.004388021767144458,-0.00047091470132387946,1
57,-0.014330737565781612,-0.005567256295254384,-0.006831761726229867,-0.00439242672705269,0.0008799105809307395,1
58,-0.01433103772537372,-0.005579344518310343,-0.006753193407747953,-0.004472606270870263,0.0002045173402574389,1
59,-0.014330979577146238,-0.0055907344885886895,-0.006813476696530832,-0.0046509182284501785,-0.0001996093890043391,1
60,-0.014330656596604822,-0.0056340700208301325,-0.006697012071142998,-0.0043425527895102015,0.0017220013747913695,1
61,-0.014330829186977428,-0.005565845280907206,-0.006795515529681944,-0.0043742163475095205,0.0008801159171970415,1
62,-0.014330848752706732,-0.005601538827166706,-0.006621597534960186,-0.004389262386770607,0.0005137891200532713,1
63,-0.014330988719968523,-0.005587374571852227,-0.006746917711360177,-0.00473216554331459,-0.0005069423191257903,1
64,-0.014331152069775997,-0.005532700662583776,-0.006945772906943586,-0.004773940422727434,-0.000638200132954899,1
65,-0.014331063209364664,-0.005578794055201292,-0.006827883123994625,-0.004321901579163898,-0.0006284850721531808,1
66,-0.014330926969473528,-0.0055672881186362684,-0.006830725709033994,-0.004047878056880443,-0.0003173465175876911,1
67,-0.014331033149330426,-0.005548608360268775,-0.0068485822742787115,-0.004421912749149927,-0.00039765209797752726,1
68,-0.014331385639534412,-0.0054984162110642875,-0.0069267196263252066,-0.004636244350499581,-0.001979009831842485,1
69,-0.014330993638892795,-0.005507963082610694,-0.006888800308695514,-0.0040938718001373,-9.109509844075367e-05,1
70,-0.014331023838714861,-0.0055979170658986485,-0.006739856588394308,-0.004441493237510476,-0.00011759692078172195,1
71,-0.01433106116098557,-0.005543936494044121,-0.006890727014593867,-0.004603916525761494,-0.0006430370893664998,1
72,-0.014330973135372302,-0.005545549208311408,-0.006877902911961326,-0.004467424974778647,8.490731484934137e-05,1
73,-0.014331097302438874,-0.005505758348989331,-0.006857400166004014,-0.004303153281745388,-0.00012519702729860187,1
74,-0.014331148170999012,-0.0055367505408400455,-0.006916236815848091,-0.004419964101521717,-0.0002707221528041055,1
75,-0.014331016436792129,-0.0055953228560039455,-0.00689335577173766,-0.0050364010823144645,-0.0009051681204315931,1
76,-0.014331266929481872,-0.005551319717880918,-0.006763224704027066,-0.004412864171243047,-0.0002431597241006872,1
77,-0.014331046237134125,-0.005519087039086467,-0.0068849230561787555,-0.004180569742501196,-0.0009925898230569614,1
78,-0.014330865244917702,-0.005553398706191242,-0.006695569106606188,-0.004155510247638486,0.0005191735343310173,1
79,-0.01433101885679497,-0.005545584326408338,-0.00673799760224447,-0.003925920118289906,0.0014644503090639092,1
80,-0.014331084815240888,-0.005557369664947283,-0.006788363262756631,-0.004355029362821901,-0.00040364605941501,1
81,-0.01433128800061189,-0.005496220267234734,-0.006854326023303615,-0.004337699621953493,-0.0015898071276505051,1
82,-0.014330966744309878,-0.005582473836593759,-0.006724568332034676,-0.004248244226478677,0.0009856128467658099,1
83,-0.014331070457413327,-0.005615339013960944,-0.006685508309925781,-0.004483124951692026,3.342966964286646e-05,1
84,-0.014330850480107757,-0.005648230484778028,-0.006576993963790509,-0.004399082831146528,0.0014421379925024752,1
85,-0.0143310720160719,-0.005571644072787613,-0.006839646963069167,-0.0046018744803491395,-0.0009356784580343315,1
86,-0.014331125113203893,-0.005528040299325709,-0.0068587020072986195,-0.004626408973336678,-0.0015345573996709385,1
87,-0.014330896111810501,-0.005582493433133269,-0.006845286016710805,-0.004089662424452798,0.0011036203665255146,1
88,-0.014330941082259532,-0.00554342318617055,-0.006814246208033984,-0.004065027684329881,0.0007193145428626545,1
89,-0.014330840385550471,-0.0056008522958414355,-0.006712595985672453,-0.004457199890090402,0.0012288202735327993,1
90,-0.014330991974368441,-0.005572808866786171,-0.006680512064385795,-0.00445349385024347,-0.00027202531359971695,1
91,-0.01433096549955686,-0.005583753350363434,-0.006797370294612984,-0.004239326238763467,0.00030325655312062825,1
92,-0.01433085682213016,-0.005601937809543125,-0.006848381455359731,-0.004499660222866922,0.0011321114841497159,1
93,-0.014331025236504235,-0.0055374218055096545,-0.006855744758073825,-0.004341190685748499,-0.0008293187592539851,1
94,-0.014331066043034519,-0.005548571292271491,-0.006630438105828794,-0.004245352183539327,0.0002372792450284085,1
95,-0.014330825564408421,-0.005626004603888223,-0.00662494438114836,-0.004577528432336939,0.0010338113067120127,1
96,-0.014330685651433134,-0.005640827828256206,-0.006728941255019482,-0.004611151590553335,0.0005231401989638468,1
97,-0.014330883135024215,-0.005585065400619169,-0.006844023607139781,-0.004448994660942082,-0.00019875941767196365,1
98,-0.014330720491117813,-0.005595001538362953,-0.006739650728646381,-0.00394545674682949,0.001631771121345549,1
99,-0.014330896613628602,-0.005535856633970896,-0.006758349320957159,-0.003925412654833886,0.00024277316012502468,1
100,-0.014331182099942988,-0.005545187225500294,-0.006788311657757826,-0.004088249871904477,-3.631007597046208e-05,1
101,-0.014330768737294101,-0.005599074141674121,-0.006776705195364104,-0.0041534707015029,0.00066916429015968,1
102,-0.014330793616954145,-0.005578991486314798,-0.0067728488819039645,-0.004128767727218889,0.0013808621737591317,1
103,-0.014330978539011687,-0.005567326643709924,-0.006755066983168337,-0.004288937425088733,-0.000759673919152271,1
104,-0.01433082806071683,-0.00556067614153656,-0.006789512108372019,-0.004185467489170292,0.0007569953897704788,1
105,-0.014331037401069517,-0.005556405348144003,-0.006839370728557344,-0.004514478697105092,-0.00034701233505686886,1
106,-0.014331010226264944,-0.005562556971771697,-0.006905329922974428,-0.004711970139839123,-0.0008790169010272869,1
107,-0.014330880410945294,-0.005605758098644295,-0.00669606856229652,-0.004217402099562569,0.0010850605322830758,1
108,-0.014330866699326095,-0.005557529827362572,-0.006811833061408876,-0.003926459605266989,0.0005544839494221686,1
109,-0.014330916015977297,-0.005593293781117214,-0.00670457163975797,-0.004370756634032201,2.968815834665468e-05,1
110,-0.014330893814456945,-0.005531136459227225,-0.006826363390044771,-0.003988167401137585,7.065494042636809e-05,1
111,-0.014330972581744223,-0.005628798913338335,-0.006646518587026364,-0.004758337188779176,-0.0005595526691343877,1
112,-0.014330855493744755,-0.005494881278903386,-0.006982831837723509,-0.004185512022707461,-0.0002703406668361614,1
113,-0.014331433425194993,-0.0054584067667267505,-0.007008259713936446,-0.004237423321420805,-0.002393828040591893,1
114,-0.014331145724904145,-0.005512730330920938,-0.006961840178164792,-0.0047239517131906425,-0.0017714792560194186,1
115,-0.014331058451930055,-0.005610274620347582,-0.006673245712649897,-0.0047102859532959325,-0.00029869907715950316,1
116,-0.014330792413050724,-0.005602388689130452,-0.006740962241456826,-0.004294170222415619,0.0009110520533623684,1
117,-0.01433106743256475,-0.005536991342766558,-0.006878004555694702,-0.004336420473841785,6.167714805269288e-05,1
118,-0.014331007609838398,-0.005585874611891319,-0.00684464385659308,-0.004747215510664917,-0.00046362338519192987,1
119,-0.014331283246730685,-0.005541725141835433,-0.006833890895005638,-0.004602506562351204,-0.001144352848576829,1
120,-0.014330820680240044,-0.0056353288127520265,-0.006661391495484715,-0.004628933558630637,0.0004540470505067697,1
121,-0.014331174118168054,-0.005523035827936261,-0.0067846945331468105,-0.00438567301054952,-0.00037743208793650625,1
122,-0.014330969994682545,-0.005542842185564791,-0.006847582949191288,-0.004363807512553719,-0.0008251689855963418,1
123,-0.014331172610937179,-0.005484547461475188,-0.006977664035654847,-0.004235196249493508,-0.0005007825852798228,1
124,-0.01433117843815907,-0.005530970888051171,-0.006834641929249813,-0.004660777960910407,-0.000856469045635801,1
125,-0.014330895842769047,-0.005580308680059504,-0.006753250867645523,-0.004114365417541801,0.0002561242717852756,1
126,-0.014331091409049465,-0.005455571161436555,-0.006843546274354866,-0.003761539149799265,0.0001810299716500235,1
127,-0.01433098749104049,-0.005565111587714821,-0.006909382890071513,-0.004325968210610123,0.00039286286118813714,1
128,-0.01433112921298266,-0.005581315106851549,-0.006846858308771421,-0.00433199988530442,0.00020132973322128928,1
129,-0.014331129921426967,-0.005520748828995815,-0.006879096819847939,-0.004391794293264781,-0.0009308916679635786,1
130,-0.014331086038718141,-0.005570848998447337,-0.006832822377098997,-0.004515055414831259,-0.0011942332134643645,1
131,-0.014330841925113831,-0.005605340974268942,-0.006720732344754,-0.004227949439131674,0.000659851430693548,1
132,-0.01433118274599269,-0.0055081967809977525,-0.006919470903629283,-0.004247931977983315,0.0006299326693815525,1
133,-0.014331093816898103,-0.005518538023059838,-0.0068482052166665645,-0.004300961993456588,-0.0009838069653590551,1
134,-0.014330928370238135,-0.005521298510656303,-0.00678574645528077,-0.004024786352485544,0.001034093477832054,1
135,-0.014331169257835298,-0.005511627906837602,-0.006808486899453611,-0.004124854211948937,-0.0006710169900125203,1
136,-0.014331110911975418,-0.005589778911159751,-0.006749982591520952,-0.004719919461070127,-0.0008037229800398988,1
137,-0.01433114909804067,-0.005561726298816423,-0.00684617171901639,-0.0045022089113136085,-5.990860190325343e-05,1
138,-0.014331122508971767,-0.005546159701799465,-0.006833675986527043,-0.004453237643346869,-0.00036457799285376414,1
139,-0.014331220667419755,-0.005455916370020512,-0.006850270268707558,-0.003976279593717708,-0.0007789803649107538,1
140,-0.01433121553750785,-0.005475062453745191,-0.006944521215277621,-0.004098646258140274,-0.0012327260424349609,1
141,-0.014331140729387029,-0.005525815857617369,-0.006847282334840235,-0.0041355459559549584,-0.0003913356657100215,1
142,-0.014331157371347119,-0.00546362280559192,-0.0070003570353522355,-0.004353132386227104,-0.0013404647815029452,1
143,-0.014330859951266631,-0.0055804977805015196,-0.006770210926907761,-0.004314607218785721,0.000505161229886131,1
144,-0.01433087903619632,-0.005620679025936022,-0.006691727441990567,-0.004457938751436377,0.00027988749962400567,1
145,-0.014330906977122264,-0.005596127241379486,-0.006784727213285147,-0.004457699404877118,1.5941579676669677e-05,1
146,-0.01433119877161849,-0.005443362779283742,-0.006958625189699089,-0.004060274733671568,-0.000961760404081633,1
147,-0.014330988513877393,-0.005582660242699653,-0.006791763463309404,-0.0044877742814937015,-0.00021041880458808672,1
148,-0.014330902152162784,-0.005584819603047135,-0.006777184410015173,-0.004159575531296776,0.0013933768864130705,1
149,-0.014330903513672139,-0.005605751630921886,-0.006656482516849662,-0.004312282925226439,0.0014479593845708114,1
150,-0.014330944977638056,-0.005606079849366893,-0.006800938268316004,-0.004680042814828938,-0.00015746208844424084,1
151,-0.02101324708711356,-0.01962681852090008,-0.03510845605105639,0.9185890989376231,-0.0001772748435253519,1
152,-0.01963476538061812,-0.017092327893849773,-0.03015801955222286,0.7672666463499186,-0.0001764342798761818,1
153,-0.019634767032597714,-0.017091647426776248,-0.030159672936827184,0.7672649226733911,-0.0001953069374687391,1
154,-0.019634767460423475,-0.017092206488876452,-0.030157867672987313,0.7672687787356595,-0.00018027963719158296,1
155,-0.014331152903566133,-0.005550861274087322,-0.0068719143079995545,-0.004553220042727802,-0.0012922422743622073,1
156,-0.014330874872189881,-0.005556408017490628,-0.006722705648830355,-0.004056978674393397,0.00024517255261987395,1
157,-0.014331063734338373,-0.0055891295116690795,-0.0068158431070282025,-0.004504773963904369,-0.0009258814246033732,1
158,-0.014331050715496346,-0.005502823406541818,-0.006968976238038049,-0.0044145999013653564,-0.001287561682720751,1
159,-0.014330936268178227,-0.0055545094104362345,-0.006817908505092146,-0.00451807141883269,-0.00021963170990025287,1
160,-0.014330933261128989,-0.005564986053398435,-0.006829237602008291,-0.00438424002792731,-0.00027749000325767156,1
161,-0.014331095076889134,-0.005570042370393981,-0.006785283084402991,-0.00448081578927544,5.077801887122963e-05,1
162,-0.014330915375499497,-0.0055289877022982525,-0.006784028497741018,-0.004161973289435726,0.000540342281626078,1
163,-0.014331034366306837,-0.005522240650311191,-0.006896398366212,-0.004588859154113291,-0.0006230748889129007,1
164,-0.014331014939510106,-0.005554244432132518,-0.006848208929248728,-0.0045692845789538005,-0.00028434823891290625,1
165,-0.014331216578319815,-0.005480328562681576,-0.00686988341461362,-0.004003926367255181,-0.0006266224743557386,1
166,-0.014331089699118367,-0.005531046486960904,-0.006900271626826042,-0.00457048710391349,-0.0012585394580335828,1
167,-0.014331223032784914,-0.005456516194116054,-0.00698227877849574,-0.00414351522631079,-0.0008113260703625962,1
168,-0.014331031331105108,-0.005474990205158393,-0.006886816639132001,-0.004101721475660448,-0.0006831437111714188,1
169,-0.014330982975167496,-0.005542389470506137,-0.006866370768016253,-0.004682293430053547,-0.0001959919561329454,1
170,-0.014331065961152946,-0.005514296288598648,-0.006869632570990077,-0.004345693518927299,-0.0008481330119479501,1
171,-0.014330917252908306,-0.005630726638515179,-0.006713484663667599,-0.004585810396012645,0.000447824222431661,1
172,-0.014330959343845782,-0.005619637976423558,-0.006688880027541439,-0.004722848930256624,-0.0004009898954124539,1
173,-0.014330944121336673,-0.005555442685990776,-0.006852524750676868,-0.0046565487948438365,-0.0005664537210356116,1
174,-0.014331381313840907,-0.005447640702328822,-0.006888889700462685,-0.004490433498931872,-0.0016605223203047578,1
175,-0.014331236214298528,-0.0054827151569377475,-0.006986004614740939,-0.004412069957570593,-0.0004686286077554723,1
176,-0.014331002630619687,-0.005599554893250325,-0.006819310857063608,-0.00462510235169952,-0.000190461090582789,1
177,-0.014331198883231741,-0.005507389620712303,-0.006937091974279556,-0.0041905468000426205,-0.0011239814707164736,1
178,-0.014331112062330566,-0.0055286513141781625,-0.006886121220306792,-0.004269427002950596,-0.0012901395604420088,1
179,-0.014331066408816187,-0.0055502137679740654,-0.00686580604211535,-0.004720727063781086,-0.0013938280350918372,1
180,-0.014331013106228021,-0.005567095564387937,-0.0069151139401136714,-0.004501008284501939,-0.00138571824189566,1
181,-0.014330828463986143,-0.005601916170214887,-0.00670378348463104,-0.004533545692877766,0.0004698293062155075,1
182,-0.014331079966222364,-0.0055241247691706335,-0.0067876572980728085,-0.004280999420366367,-0.00015479312752987676,1
183,-0.014330809835386147,-0.005576451210885226,-0.006744947924297126,-0.004056945654944711,0.0015408570271875765,1
184,-0.014331021074304272,-0.005598108994141597,-0.006653701383929556,-0.004067285896933882,5.160652403932495e-05,1
185,-0.014331180598609881,-0.005559405565978828,-0.006881481382583007,-0.004584993098040678,-0.0009556445656642267,1
186,-0.01433090170183086,-0.005560236822325371,-0.006858573071969047,-0.004239302930003171,0.0005104898826342216,1
187,-0.014330985962962303,-0.005640700670343049,-0.006770863593091873,-0.004861913151472822,-0.00022679538764372372,1
188,-0.014331222838160386,-0.005571826286337618,-0.0067425284857731615,-0.0047456864014860335,-0.001472050729708691,1
189,-0.014331077103046489,-0.005545762510223973,-0.006838071784957643,-0.004348726226460629,-0.0012703666184547728,1
190,-0.01433083123536122,-0.005571627920861879,-0.006793508126705395,-0.004454605413141802,-0.0010304722687838317,1
191,-0.014331187700045456,-0.0054837330676280275,-0.006866835789050932,-0.004211096975205707,-0.0017303173091697838,1
192,-0.014331145477134974,-0.005494325402171977,-0.006910807704606442,-0.004068214276945125,-0.0011475933579920506,1
193,-0.014331119440073536,-0.005585098748261718,-0.006857970898750773,-0.004937726142491526,-0.0008972420296571057,1
194,-0.014331044585879974,-0.005482455601363944,-0.006965940724461685,-0.004028978574927967,-0.0010443137497307769,1
195,-0.014331074628247707,-0.0054928829607487194,-0.0069255398477695105,-0.0045038244871093884,-0.00032764334604243594,1
196,-0.014331114866143344,-0.0055041808871149735,-0.006907160761672233,-0.0043677847732094075,-0.0005249354943055256,1
197,-0.014330797698503619,-0.005636690630909456,-0.006676945984459368,-0.004647292846681268,0.0007329083499921603,1
198,-0.014330922225697875,-0.005618333810972288,-0.006649354098605313,-0.004466339844248208,0.00031245376037508605,1
199,-0.01433077363879755,-0.005608189105724804,-0.0066944757663057256,-0.004435453736146318,0.0007178017308941444,1
200,-0.014331032009618034,-0.005554322933044871,-0.006795473719629182,-0.0046561906527685945,-0.0005382695830180254,1
201,-0.01433104996874345,-0.005552352548620565,-0.006811314292016474,-0.004238527562444243,-0.0005817931624998215,1
202,-0.014330712364906044,-0.00561740274547263,-0.0067250998523606595,-0.004451799925564278,0.00040011839001694716,1
203,-0.014330896625571308,-0.005556892338342584,-0.0068465838596697935,-0.003985508008378033,0.0008522797374505738,1
204,-0.014330838117972975,-0.005574126641741601,-0.006751726837071256,-0.004368921047448014,-4.569192143435036e-05,1
205,-0.014330920341493646,-0.005601323962498211,-0.006694950692493529,-0.004533743403248751,-0.00029221474534824396,1
206,-0.0143310616038401,-0.005540956233539832,-0.0069028512368300345,-0.004349495089019238,-0.0007662973684384915,1
207,-0.014331363046557672,-0.005558553751778573,-0.0068440493013423465,-0.004844309391742106,-0.0018132020539827765,1
208,-0.014330865427407155,-0.00562342228130503,-0.006676294896728148,-0.004632790363299491,8.648128654734376e-05,1
209,-0.014331149110692928,-0.0055503104645897436,-0.006830412777871532,-0.004732609768224543,-0.0008081069838792544,1
210,-0.014331166577460091,-0.005541697510477209,-0.006880129702815705,-0.004566223541698578,-0.0010915348368184122,1
211,-0.014331059712015306,-0.005526841429064554,-0.006824519674302809,-0.004214147092814719,-0.0005404538501751288,1
212,-0.014331056390852913,-0.005528558431106662,-0.006843833357820156,-0.004417837082339168,0.00031578085704100223,1
213,-0.014331071183199403,-0.005587412814183949,-0.006834818192969019,-0.004740955630800186,-0.0007226571746793706,1
214,-0.014331045828054828,-0.005555029864171595,-0.006725277382610513,-0.0040418124675986825,0.00026372837294809853,1
215,-0.01433098258721415,-0.00559914978658093,-0.00673577676520162,-0.0045666638714931965,0.00012176229675929816,1
216,-0.014330714630018516,-0.005585499158632327,-0.006726041163645946,-0.004134116571386349,0.002159744682967361,1
217,-0.01433111856209669,-0.0055305615669646625,-0.006945020464403762,-0.004411712341994521,-0.0009174119608580337,1
218,-0.014331011042161794,-0.005549713528904396,-0.00684338535283331,-0.004361844380023784,-0.0005039217925797874,1
219,-0.014331193242064581,-0.0054678218885873715,-0.0069575245312086965,-0.004019746226952414,-0.0020635619076170104,1
220,-0.014331084460149947,-0.00552108506041896,-0.006891565430200997,-0.004110234170944386,-0.0010156706815817288,1
221,-0.016262081833262096,-0.004216850544449313,-0.011749227936672928,0.01059758608839001,-0.013798782503011364,1
222,-0.016262081839114907,-0.004216845702170074,-0.011749231822674004,0.01059759400984894,-0.013798817027147602,1
223,-0.014330992760918216,-0.005558503948772212,-0.006831927574094551,-0.00433523954583835,-0.0004631327865722464,1
224,-0.014330914307972181,-0.005597235203753568,-0.006852281401848669,-0.004664463483834627,0.0001915640949530848,1
225,-0.014330797401801416,-0.00562821147387897,-0.006723929768987415,-0.004149377937473944,0.0010327609958924924,1
226,-0.014331179731852111,-0.005483688383092638,-0.006934718320012639,-0.004101202209285008,-0.00024769897597745274,1
227,-0.014331208137070438,-0.005493361487254587,-0.006958229384769369,-0.004223064631004768,-0.0014648805638952838,1
228,-0.014330939815704801,-0.00558823040154977,-0.006816644578161729,-0.004111930193395148,0.0003864419209532294,1
229,-0.01433125831771653,-0.005493471433841527,-0.006947623415290413,-0.0044944886950118,-0.001198707348437379,1
230,-0.014330670557802046,-0.005603397326934195,-0.006860370261304465,-0.004817864979205022,-0.0003666724046161893,1
231,-0.01433087090293604,-0.005602229443775613,-0.006752916456938875,-0.004386244577311976,0.000659614204595088,1
232,-0.014331100601197294,-0.005530138920588009,-0.006881722618544129,-0.004613070599314708,-0.00032313325167272067,1
233,-0.014331014142729914,-0.005603785616010338,-0.0067974710441061886,-0.0049262931006623075,-1.9456110974331935e-05,1
234,-0.014331154232819771,-0.0055770123418096285,-0.006739244932046513,-0.00442356901784806,-0.0007302050084008302,1
235,-0.014331382883265499,-0.005527332285045046,-0.006865242015299597,-0.004771999899997929,-0.0011134420998434764,1
236,-0.014331082452756104,-0.005574327243265057,-0.00677720016918538,-0.004716369482748603,-0.001160959552469234,1
237,-0.014330819201586655,-0.005627451604357124,-0.006661942987628799,-0.004325029731112858,0.0009582223729037492,1
238,-0.014330952097292961,-0.005539755917419513,-0.006871015801889457,-0.004044386450260334,-0.000529768046590732,1
239,-0.014331028894594604,-0.005546091015873498,-0.006761759171367359,-0.004191665134699899,0.00026478643420756084,1
240,-0.014330941498853552,-0.005529173174411711,-0.0068654196802446135,-0.004043565719785047,0.000260189959189333,1
241,-0.014331056949748485,-0.0055738866268934106,-0.00678650095949453,-0.004443770585057838,0.00043242507372859583,1
242,-0.014331080230387457,-0.00553608444875035,-0.006762461237479461,-0.00409099358400959,-2.8231088938649557e-05,1
243,-0.014330987692124679,-0.005625016831393805,-0.006717503625805529,-0.00498124605546419,-0.0003815158489774958,1
244,-0.01433087518315636,-0.005609106051625128,-0.006774010918404051,-0.004700974430226632,0.00019484291699239795,1
245,-0.014331095345600248,-0.005564148446402869,-0.006704733192211933,-0.004400542189763463,-0.0002995854280102096,1
246,-0.014330929839884925,-0.005562020874786814,-0.006782636901126016,-0.004455084117083803,-1.5289406447717045e-05,1
247,-0.01625517452940202,-0.010333967739003774,-0.0026056562755055273,-0.013735443752087398,0.0567311653716367,1
248,-0.01625517451400377,-0.01033397092534951,-0.002605651261067773,-0.013735456236184279,0.05673127800329202,1
249,-0.014331261543438485,-0.005544907603924603,-0.006861131962438545,-0.004474255424842951,-0.0007749272261976838,1
250,-0.014331069844114778,-0.005568211958763351,-0.0067936738440270966,-0.004527865459663399,-0.0012808265215098168,1
251,-0.014331174096319985,-0.005567381160246842,-0.006737932681602009,-0.004582136026887015,-0.0007850646288943795,1
252,-0.014331199128823111,-0.005445288995760126,-0.006907283540351793,-0.003685879894593768,-0.00024348630238860011,1
253,-0.014331201194623623,-0.005558293147530483,-0.006858399543981311,-0.004840643088136844,-0.0010938101168873572,1
254,-0.014331045969516865,-0.005587028310665179,-0.006844636529392878,-0.005243812269249708,-0.0014785258492329657,1
255,-0.01433106368063862,-0.005545204490122635,-0.006797806951801792,-0.004364862933240154,-0.0006263429920083251,1
256,-0.014330962088517304,-0.0055262202338528035,-0.006839620182168918,-0.004198494697583955,6.423897133500835e-05,1
257,-0.014331116788834976,-0.0055056564971731085,-0.006884139570879256,-0.004089043560990005,-6.476432111188858e-05,1
258,-0.014331325989114659,-0.005470549474684226,-0.006914992495517384,-0.004027162052115413,-0.0013569601527610347,1
259,-0.014331009286784302,-0.005556453254617574,-0.006888039151309764,-0.004457409190844947,-0.00017119166486385132,1
260,-0.0143309903787562,-0.005579950431811086,-0.006747976539054238,-0.0042532834798505795,-8.143928693469697e-05,1
261,-0.014330935274601135,-0.005531466171152185,-0.006787950510945299,-0.004197238025080096,-9.269160858600174e-05,1
262,-0.014330943693664949,-0.005532064821772696,-0.006871336736944069,-0.004421340956929487,0.00026319475725110206,1
263,-0.01433089957102418,-0.005553722864943669,-0.006771556149189542,-0.003889132754168223,0.0011804606301213738,1
264,-0.014330917075941627,-0.005596702823674704,-0.006807372305008887,-0.004386584586756171,0.0003983517823781673,1
265,-0.01433091088140506,-0.005531325053504971,-0.006625707163335586,-0.0037385174909605836,0.0014511095000632815,1
266,-0.014331020530411558,-0.005556191979586005,-0.0069129414965053565,-0.004471208213659906,-0.0003122474488281434,1
267,-0.014331015479189777,-0.005540953992825197,-0.0068566364227417055,-0.004160714905434324,0.0005904807789666221,1
268,-0.022311894971073692,-0.0422725971679098,0.5967527007465697,0.016763641351424843,0.7030101785762909,1
269,-0.02267620790494978,-0.044033017700372,0.6207312205185338,0.01635848559140346,0.4776454405374126,1
270,-0.022676425631320517,-0.04397216686772961,0.6206211348504139,0.016316273589912285,0.47614971209596985,1
271,-0.022676301051434623,-0.04388129570387205,0.6205903725313687,0.017212131018673592,0.47722917381879076,1
272,-0.014331042455858818,-0.005605878754858243,-0.006763703582219012,-0.004498499390181957,-0.0005344700417979913,1
273,-0.014330997034996639,-0.005551022890110531,-0.006862682576281741,-0.004172250283776889,0.0002413602229483992,1
274,-0.014330942127285806,-0.0055940111403541175,-0.0068175039026793,-0.0047535140994792975,-0.0007334987231071405,1
275,-0.014331118463014013,-0.005508084839099701,-0.006965983335995062,-0.004444320063571878,-0.001083286407181059,1
276,-0.014331064277504309,-0.005551651407201155,-0.006853544355883203,-0.0045783211815880005,-0.00010227731321796205,1
277,-0.014330981154416288,-0.005537157334712941,-0.006823980935711018,-0.0037862905305016087,0.00030934910941275614,1
278,-0.014330932725173239,-0.005509331513492642,-0.006786292917617988,-0.0037731655292736993,0.0009319857715989145,1
279,-0.014331212317396163,-0.005504831578658002,-0.006859196235631419,-0.0038801434567241823,0.00018160276988137637,1
280,-0.014330958970735377,-0.0055594994013475375,-0.006858707244187464,-0.004113371290760426,0.0002998573446198896,1
281,-0.01433106442491227,-0.0055626553969473705,-0.0068788708733063565,-0.0042505800565209055,-0.0007490966508550433,1
282,-0.014331124438654001,-0.005531010412204464,-0.006875211073837206,-0.0044438481639871704,-0.00044518050590206453,1
283,-0.014330854403570814,-0.005545954647691581,-0.006872084773887458,-0.004623020676831179,-0.00020989256517279115,1
284,-0.014331050247928452,-0.005535299386380137,-0.006817689875390441,-0.004329369172524976,-0.00041748335796510267,1
285,-0.014331113233046817,-0.00555882283025772,-0.00676674529486402,-0.004415131321241796,-0.0005739688961228129,1
286,-0.014331243736235377,-0.005566051244025233,-0.006862721754802882,-0.004356997530782258,-0.0009828857918386846,1
287,-0.014331056593919509,-0.00553936628354673,-0.006930154026637091,-0.00455551907821145,-0.0008542468552861712,1
288,-0.014331316470395282,-0.005523645476712671,-0.006718889022902713,-0.004422288038302247,-0.00015258327478543532,1
289,-0.01433138372671688,-0.00547658105513479,-0.006909520157437144,-0.004457744299512366,-0.001721752910233759,1
290,-0.014330964118116823,-0.005547046395499213,-0.006953348415868669,-0.004696765659875982,-0.0011075510493151258,1
291,-0.014331002602741508,-0.005561230806157743,-0.006774443341004513,-0.0041646479915363405,-0.00028375767947667977,1
292,-0.014330994530496393,-0.005586274610805781,-0.0067082714808506735,-0.004718320332204154,-8.849507743575715e-05,1
293,-0.014330848592051392,-0.005542877557922798,-0.0067926397171937,-0.0042113193745292,0.0006413656697386986,1
294,-0.014330916353927525,-0.005542604588469188,-0.006741540326187231,-0.004194779970714407,0.000991850538265711,1
295,-0.014331143837106071,-0.0055236569117800855,-0.006849409232747836,-0.004304117819592301,-2.0717060244281364e-05,1
296,-0.014331139061402997,-0.005543766001770685,-0.006832859028745541,-0.004384697982236297,-0.00043461593685373674,1
297,-0.014330723174670448,-0.005622805456755113,-0.006710151809595312,-0.004320212096822758,0.0011729701242152908,1
298,-0.014330991331742532,-0.0055564366097479514,-0.006945426315494396,-0.0044875171536247795,-0.0005223632849578638,1
299,-0.014330945708632456,-0.005538752175869586,-0.006870812476043854,-0.004455906641745655,0.0006057567532125382,1
300,-0.014331311133278398,-0.005505060675630206,-0.007052562810652372,-0.004479808503514406,-0.0015896014013387313,1
301,-0.01626061915705189,-0.009529643978597053,-0.00982195678547693,-0.015665531575579678,-0.0013217173117168893,1
302,-0.016260619154104858,-0.00952964587633706,-0.009821949713024665,-0.01566552597597722,-0.0013216685433766425,1
303,-0.014330935134833089,-0.005568206441045111,-0.006766107988018355,-0.004427700638105822,-0.001059761218581957,1
304,-0.014331068421011551,-0.005485709930756419,-0.006828165119399243,-0.0037639951357735474,0.0009377920106766612,1
305,-0.014330770449068027,-0.0056018913110151836,-0.006790816597788758,-0.004260467307266045,-0.00025327523158115824,1
306,-0.014330993783409521,-0.005537458741440118,-0.006859925253594142,-0.004645248845768841,-0.0009313677430597732,1
307,-0.014331320201944782,-0.005482931657728241,-0.0069472846706587835,-0.004445068274515838,-0.0014742379914614613,1
308,-0.014331130915629951,-0.0055761932159432235,-0.00683577952642426,-0.004702064083646578,-0.0011606949026706209,1
309,-0.014330967210548112,-0.005577440635824214,-0.0067781934246464,-0.00417585474319341,6.49606525178281e-05,1
310,-0.014331340629325527,-0.0054886414694072135,-0.006927450822572387,-0.004306669129890926,-0.001293011651796151,1
311,-0.014331065664269418,-0.005525334248719796,-0.006851367420915076,-0.00443089398381649,-0.0009222089365834964,1
312,-0.014330837515207483,-0.005599031290235721,-0.006809969532534944,-0.004577556881427882,-9.070921539752893e-06,1
313,-0.01433081648758752,-0.0055983946458870275,-0.0067973186044010935,-0.004434003885205601,0.00029930427007116874,1
314,-0.014331131361983263,-0.0055448248797020355,-0.006799246592450022,-0.0045502002200812856,0.00017796990861616494,1
315,-0.014330931636389632,-0.005562802657689094,-0.0068339656001267166,-0.004357360345699173,0.00010618431370994647,1
316,-0.014330859492569709,-0.005583222596941883,-0.006830032443082454,-0.004255024495844575,0.00011216003863240065,1
317,-0.014331146255803201,-0.0055373588623405705,-0.006975756051150054,-0.004562455992140407,-0.0009239919222001343,1
318,-0.014331037627747392,-0.0055964250597251896,-0.006689893379660444,-0.004287942945224493,0.0007391292462336071,1
319,-0.014330917103736816,-0.005617333391512477,-0.006612172228177785,-0.0045395366617314165,0.0011942026568647873,1
320,-0.014330918782264095,-0.005569330120272276,-0.006831860273592585,-0.004478627092917259,0.0007063254251055899,1
321,-0.014331282762194412,-0.005517716618135054,-0.006943802817812192,-0.004302926847733441,-0.002107021172759318,1
322,-0.014330840037402096,-0.005610933673128026,-0.0066692025210185815,-0.004057228740599079,0.001835894186237237,1
323,-0.014331226992509502,-0.0055041868811449655,-0.00688867619452844,-0.004148176397577796,-0.00042579608507462274,1
324,-0.014331229154787172,-0.00552470302814269,-0.0068755605091283655,-0.004572049617116544,-0.0011166486098314436,1
325,-0.014331061296961713,-0.005605323524363656,-0.006666439115675176,-0.004564674305202981,-0.0009062476151285915,1
326,-0.014331086143113127,-0.005548204271078027,-0.006672089976448718,-0.004248603929588277,-0.0005900227214611564,1
327,-0.014330905714316031,-0.005646818973784952,-0.0066905721692034955,-0.005257402968209394,-0.0010438393366303022,1
328,-0.014331014268389905,-0.005538512508064301,-0.006801186923589735,-0.00422492184043742,0.000353149080455905,1
329,-0.014331087391428767,-0.005491878661127408,-0.00691804257511882,-0.004316736596994274,-0.0005371655493083228,1
330,-0.014330981882177107,-0.0055734022022061,-0.00670552237131823,-0.004227785604101426,-0.00023628859619056428,1
331,-0.014331156920880295,-0.005473005383349631,-0.006961010728792773,-0.004327105321060456,-0.0013857144525827522,1
332,-0.014331133509831335,-0.005562972615413308,-0.006803417242383173,-0.0038779518091852116,0.0006747178041953072,1
333,-0.014331140973941336,-0.005507459828539872,-0.006939478929775511,-0.004170899300878435,-0.0012412737729589531,1
334,-0.014331079062532719,-0.005579827709335495,-0.006777056380104259,-0.004250027351900045,0.00018917482561959462,1
335,-0.014331057341148793,-0.005537021682579095,-0.006903189935406052,-0.004581457153090033,-0.0010904278497514339,1
336,-0.014331249789169892,-0.005505649575151046,-0.006797166773081738,-0.004370465073145781,-0.0013501328853693087,1
337,-0.014331266812509836,-0.005510047781588411,-0.006908485456002622,-0.004502500329246912,-0.0017750994217607032,1
338,-0.014331052787981007,-0.005534448364040043,-0.006785851658850808,-0.004186244326014167,6.523967987366071e-05,1
339,-0.014331236128883438,-0.005485221873088251,-0.006968421336402587,-0.004582804976016674,-0.0014979832042361094,1
340,-0.014330908185418243,-0.005627277288498758,-0.00666303914784268,-0.00452112985123058,0.00016709102859025626,1
341,-0.014330847223016177,-0.0056140920018466125,-0.006758587640514312,-0.00445004144772447,0.0011413019825347837,1
342,-0.0143307636979908,-0.0055601936313376225,-0.00690222695916317,-0.0044128261986728185,0.00045314467724817236,1
343,-0.014330951079386138,-0.005577536413447779,-0.006758937753856723,-0.004416117360112507,-0.0010114797033255935,1
344,-0.018465350077171958,-0.010535499575641568,-0.01728548131946822,-0.009352561798375956,-0.010177313139691923,1
345,-0.017852126302874118,-0.009867066866292242,-0.015984404633336204,-0.008680005295350346,-0.009124109738317648,1
346,-0.017852124614376,-0.009867083663166373,-0.015984262705251964,-0.008677613659256353,-0.009117292413039197,1
347,-0.014330835210725694,-0.0055687737977655576,-0.006787622504120223,-0.0040647023804849655,0.0004443259011451413,1
348,-0.014331211179860142,-0.005493411726868744,-0.006917327106163645,-0.004090782971366365,-0.0006832611356669635,1
349,-0.016790924300993486,-0.010328486311348422,-0.01304054237578318,-0.01731732891441831,0.05793131433184666,1
350,-0.019683415865057247,-0.014730810873030601,-0.02031960335536518,-0.03125243146746766,0.07649719901085544,1
351,-0.014330960233986324,-0.0055131928698073755,-0.00688830997582144,-0.004306596658000966,-0.0007515149351219851,1
352,-0.014331000067055254,-0.005582568714653416,-0.006797896424235363,-0.00449142340908928,-0.0009660972649043155,1
353,-0.014331117708713878,-0.00545564536848728,-0.006781682749094447,-0.003617862591118634,0.00047920627553313904,1
354,-0.014331181828507561,-0.005476247229896395,-0.006993055586166299,-0.004558067544091711,-0.0006844337004406008,1
355,-0.014331214735942583,-0.005539542041593329,-0.006752088938019903,-0.004456125306446006,-0.000858173252361425,1
356,-0.014331112286120613,-0.0055730241839650595,-0.006797045340034233,-0.004538918305965243,-0.0005921633206173011,1
357,-0.014331229818935498,-0.005557720713948751,-0.006661724774168366,-0.004531895152377371,-0.0006454982559291017,1
358,-0.014331110100899477,-0.005503838946829533,-0.0069281506900303914,-0.004388887652227205,-0.0006486584561022891,1
359,-0.01433124951924052,-0.005496527030243897,-0.0069617686115333414,-0.004411974111022876,-0.0016087523596193401,1
360,-0.01433118568764595,-0.005541181418642396,-0.006935226242389177,-0.004783369178713851,-0.0010490487471350577,1
361,-0.014330850417756356,-0.005549286585713846,-0.00689822615587099,-0.004405864889331095,0.0004836005657062403,1
362,-0.014330856618600585,-0.00555890851489599,-0.006757525855366936,-0.004000535068627788,0.0003407978673320038,1
363,-0.014331176711896097,-0.005532684794512086,-0.006825813320765518,-0.0047654414676321175,-0.0008388848233858502,1
364,-0.014331012816040246,-0.005537640782148996,-0.00690473356499199,-0.0043244079585775235,0.0003788572505027034,1
365,-0.014331056858055819,-0.005593971546740788,-0.006762830760775839,-0.004571864469002649,-0.0004013066347758792,1
366,-0.01433108224306685,-0.0056541329238838445,-0.006655272762963148,-0.004783964805575416,-0.001090580891337256,1
367,-0.014331221731178595,-0.0055465913720566945,-0.006736313713170298,-0.004366930534354469,-0.0004623067865577014,1
368,-0.014331117945128634,-0.005515138103894665,-0.006833817965505924,-0.0043509510750302915,-0.0003191109091046957,1
369,-0.014331084462408796,-0.005519601155684128,-0.006886807548540735,-0.004327785213299375,-0.0007057206404918145,1
370,-0.014331244115334577,-0.005540836669951509,-0.0068301099335749006,-0.004437965723008976,-0.0018181734018987332,1
371,-0.014330958546506078,-0.005577404734882462,-0.006817564741186773,-0.004323501686939954,0.00042743948073192985,1
372,-0.014330868034523218,-0.005616975303245003,-0.006890745821150483,-0.004188814155102054,0.001512624133290438,1
373,-0.0143311719724726,-0.005471195435910577,-0.00695853334279717,-0.004150874028793732,0.00016891376353123962,1
374,-0.014331025834477996,-0.005592501774761713,-0.00675366893326718,-0.0044744864869285415,0.0009378839967098302,1
375,-0.014330886732960601,-0.005529557962357929,-0.006788345477865016,-0.004126216860548621,0.0004448100072820329,1
376,-0.014331185150006902,-0.005491415625261902,-0.006977575176350144,-0.0043264085040567194,-0.0009931456523438187,1
377,-0.014331025340437236,-0.005511315495753355,-0.006842601222536709,-0.004011500494648189,-0.0005476750270985908,1
378,-0.014331380061273512,-0.005404548869718455,-0.007000659608073896,-0.003874614507394468,-0.0009378743667335819,1
379,-0.014330978875946405,-0.005578872972897309,-0.006722029085744846,-0.004362522710644415,0.0005732559523335093,1
380,-0.014331023829270397,-0.005536598270855415,-0.006820729284077237,-0.004048104620301262,-0.0007682733179737921,1
381,-0.014331503970570147,-0.005479245654502033,-0.007000815753912709,-0.004565977670874666,-0.002212956202714821,1
382,-0.014330860867045632,-0.005608812447915685,-0.006766452417040892,-0.004671050256259523,0.0007293673027486298,1
383,-0.014331285952912463,-0.005467124774078331,-0.006875062352816189,-0.004122418573046523,-0.0006207671358567451,1
384,-0.014330935947734331,-0.005573371474046318,-0.006761065627932501,-0.004306537571000452,-0.0001267082122535517,1
385,-0.014331097103713423,-0.005557551430172646,-0.006742845854114377,-0.004214930631167324,-0.000507205137538718,1
386,-0.014331206051618282,-0.005476957325240181,-0.006926622956865145,-0.004035220973705186,-0.0009953518036193184,1
387,-0.014330965066237624,-0.005563331712687941,-0.006733933796367546,-0.004161931608660153,-3.484209172654459e-05,1
388,-0.014331167527143885,-0.005543912568359864,-0.006778696926718227,-0.004532504853603792,-0.0002278632490487253,1
389,-0.014330948495611381,-0.005550652407828812,-0.006931586925997197,-0.00456349731722184,-0.0010836101192306506,1
390,-0.014331287181663776,-0.005535643153797954,-0.006848771920722934,-0.004121837872212239,-0.000472306288007561,1
391,-0.014330943827238629,-0.005611936599437672,-0.006877595819129403,-0.004820998262233035,-0.00022606671154820455,1
392,-0.014331128326225963,-0.005527025617537405,-0.006867347713002412,-0.004402436392997101,-0.0010360576315584977,1
393,-0.014331176367166219,-0.00550614824365291,-0.006812063930609026,-0.004376258827370216,-0.001065686805761541,1
394,-0.014331315207655631,-0.0055191562435206315,-0.0067969969389665,-0.004502906890408488,-0.0011611325190857883,1
395,-0.014331070205934758,-0.0055445267510252525,-0.006865332731697531,-0.00439923886865568,-0.0007201896643554352,1
396,-0.014331070722380905,-0.0055341940593061885,-0.006948496150061283,-0.00446010412280522,-0.0015277811239317396,1
397,-0.014330904758890397,-0.005566834641004767,-0.006774328619697654,-0.004498701820978854,3.802273470310686e-05,1
398,-0.014331006937649804,-0.005557798932316322,-0.0068498449105923506,-0.004369992053074585,-0.0009693906366510636,1
399,-0.014331221573964987,-0.005530377075136164,-0.006962882177846061,-0.004289805333376057,-0.0011207004447080378,1
400,-0.01433096809128908,-0.005602967365984473,-0.006827117987467338,-0.004441724396850343,-0.0003360858723599511,1
401,-0.014330947020394972,-0.005543109324071632,-0.006921561925409698,-0.004454391116601114,-0.0005017143653006902,1
402,-0.014331030038450716,-0.005583629694394345,-0.006701339480140987,-0.004270028411769974,-0.0004950568821054319,1
403,-0.014331052375068197,-0.005528315235017081,-0.006914924414988878,-0.004192623887022883,-0.0007762388362891866,1
404,-0.014330757801751439,-0.005647896631925899,-0.006681323901472648,-0.004413577859210239,0.00033337602623812645,1
405,-0.014331168620255245,-0.005474332182967063,-0.006804536284492575,-0.003779885700931977,0.00040258119705472876,1
406,-0.01433113492586731,-0.005524665914398647,-0.006859714272382363,-0.004357700384055343,0.00036442521779511287,1
407,-0.014331054221196281,-0.00553903290965654,-0.006882114466949618,-0.004470419759299888,-0.00037710678493350225,1
408,-0.014331102573227374,-0.005580980440998784,-0.006735284472367178,-0.0046853206176640265,-0.0013307744359097942,1
409,-0.014330558299994885,-0.0056038065743777765,-0.006801536034095652,-0.0044482921728059,0.0010851256672508862,1
410,-0.014330983126235547,-0.005566947901350262,-0.006775500171211103,-0.004224040485116174,0.00034595984956185426,1
411,-0.014331215395911198,-0.005475142475628072,-0.006861831922834355,-0.003890965657529421,-0.00043283077309117787,1
412,-0.014331025069377822,-0.0055548547623004915,-0.006899143658307731,-0.004281371088092497,-0.0010001481297250646,1
413,-0.01733238842620444,-0.007717996529484503,-0.014929595808316183,-0.0027871959667228586,-0.028506397540478064,1
414,-0.01733238842620444,-0.007717996529484503,-0.014929595808316183,-0.0027871959667228586,-0.028506397540478064,1
415,-0.014331126765027544,-0.005503927886029223,-0.007010991495250415,-0.004324791422809776,-0.0006024601617777596,1
416,-0.014331020093281315,-0.005525224151089813,-0.006877437071925119,-0.004212541300077969,9.989838623993772e-05,1
417,-0.01433109285215859,-0.005490716222049431,-0.007005389189728314,-0.004603452125901652,-0.001434561221014282,1
418,-0.014331085933208428,-0.005541277811191596,-0.006811741514046935,-0.004335710095888922,-0.0004460903036727581,1
419,-0.014331391730130762,-0.005492329368939241,-0.006895176106619329,-0.004402018695212239,-0.0018602251058108823,1
420,-0.014331105532263841,-0.005602906375602698,-0.006780898997666273,-0.00482687740472196,-0.0009088032985019295,1
421,-0.014331177055422993,-0.005547063993019579,-0.00682535629942674,-0.0047042119998129345,-0.0010017846806688502,1
422,-0.014331094568165042,-0.005516933954972947,-0.006881526014584503,-0.004013961261150094,-0.0011972940339506468,1
423,-0.014330896845934445,-0.005562891096302092,-0.006778437446544057,-0.003955176811395284,0.0011707175223761297,1
424,-0.01433075788532482,-0.005656540113794181,-0.006727833702664122,-0.004849795146864194,3.195355744424472e-05,1
425,-0.014330801835405933,-0.005566725239731714,-0.006777623960244009,-0.004097903026514666,0.0015727053149726974,1
426,-0.015598531403563659,-0.006553518146679227,-0.0105289604509593,-0.0052743220806004696,0.00531946386322803,1
427,-0.014331218607848464,-0.005488677649031318,-0.007019282465854402,-0.004240095872607269,-0.001593830328585892,1
428,-0.014331029619203042,-0.005578281842699948,-0.006796044337818646,-0.004324508999383437,0.00015135847694960203,1
429,-0.014330846259444774,-0.0056289772867657,-0.006803828552705109,-0.004641356378598042,-3.788229947459355e-05,1
430,-0.014331003807607854,-0.005545097808491761,-0.0067790285136979725,-0.003669922935843758,0.0014877097393441317,1
431,-0.014331027469210786,-0.005519878520818506,-0.006906791009464421,-0.004498612604852195,-0.0008432594174651912,1
432,-0.014330612437096447,-0.005607149932430253,-0.006662817746173361,-0.004482987582570751,0.0016062455502749537,1
433,-0.014330969650891793,-0.005558799963513135,-0.006754912855318245,-0.004131243843121653,-1.950508312499041e-05,1
434,-0.015598532566313146,-0.006553322691926754,-0.010529108112931337,-0.005273431464025427,0.005314431682444582,1
435,-0.014331089508711013,-0.005518450428553555,-0.006925874961601632,-0.004258164830895757,-0.0016662849384761586,1
436,-0.014331188186814683,-0.005521812874800669,-0.0069652525878827615,-0.00472741621057009,-0.0018906805725899113,1
437,-0.014331093435020294,-0.0055593156718572725,-0.007002082284518185,-0.004763115145278709,-0.001809457039561887,1
438,-0.01433110358918151,-0.005556732897889747,-0.006747994969203742,-0.004274589102338718,-0.0006469974931748537,1
439,-0.014331471019058831,-0.005460585170402158,-0.006914242851148436,-0.004433080288184488,-0.0016685230956194723,1
440,-0.014331119709654413,-0.005462709799510379,-0.006995141543205328,-0.003963101187907479,-0.00010075371787742973,1
441,-0.014330899117974716,-0.0055788902057920305,-0.0067639284144245596,-0.004279035394869009,0.0007629301679364596,1
442,-0.014331169420369183,-0.005552504547941715,-0.00674854497322658,-0.0045553559116250485,-0.001607864310883283,1
443,-0.014330978730061937,-0.005605807220352982,-0.006689877757281257,-0.004454517268715381,0.00010861722796178013,1
444,-0.017332053595381872,-0.009238074998458154,-0.014220873439489762,-0.013050427744380845,-0.02380477673844611,1
445,-0.017332053595381872,-0.009238074998458154,-0.014220873439489762,-0.013050427744380845,-0.02380477673844611,1
446,-0.01433108607201285,-0.005547811799884341,-0.006868666901614055,-0.004123947962086732,0.00032738584971096204,1
447,-0.014331130909801008,-0.005479926566503443,-0.006952573977084693,-0.004466456745331867,-0.0014413671445372715,1
448,-0.014330786907038635,-0.0056488420486000964,-0.006609415513171813,-0.004745562839126376,-0.0006501186098936871,1
449,-0.014330868484198716,-0.0055770125534644836,-0.006746520025599154,-0.004333698023339223,0.0006864294589049654,1
450,-0.014330982457280326,-0.005570129131297202,-0.006792082851050834,-0.00414270148350931,0.00023880449872905454,1
451,-0.014331128207840655,-0.005553825216066212,-0.006930768377253756,-0.0044002772458246854,-0.000487110565337544,1
452,-0.014331157535677227,-0.005508018062258477,-0.006912108176140786,-0.004130289843594742,-0.00032809943388030337,1
453,-0.014331112468767584,-0.005562752305243234,-0.006799857822164969,-0.00439112874717964,-0.0006395448836332245,1
454,-0.014331017842419596,-0.005538805308135496,-0.006858863792113732,-0.004339932916163328,0.00016731515506559434,1
455,-0.01433085485710727,-0.005563002831037793,-0.006782340773494471,-0.004136927319420605,0.00021694123590642022,1
456,-0.014331221176313316,-0.005510998488407538,-0.006800377771016277,-0.004470539181882163,-0.0015989047001545174,1
457,-0.014331034667408349,-0.005473038832727303,-0.006832897491245996,-0.004159165599931301,0.00017924840566529635,1
458,-0.014331026334553638,-0.00552801090167517,-0.006757563444246408,-0.004333916789693739,-0.0011116214405409715,1
459,-0.014330969379647111,-0.005503988498732213,-0.006858862336730229,-0.0039555489268358,-0.00033271088036360277,1
460,-0.014331007258266535,-0.005591914905108016,-0.006836128374526176,-0.0050666410350579325,-0.001442230564832028,1
461,-0.014331273446285929,-0.005499242653804619,-0.0069188571527930495,-0.004359372331141213,-0.0013164117731983133,1
462,-0.014331053873655412,-0.005558034421939832,-0.006781063897148918,-0.004334369806435096,-0.00042509491243291573,1
463,-0.014331054144331943,-0.005563058569681945,-0.006847133346856819,-0.0045031113633676985,-0.0007963266037741713,1
464,-0.014330969993324083,-0.005610136798814123,-0.006848066431352934,-0.004893728745125212,-0.0006251693552252937,1
465,-0.014330984215321287,-0.005532254140460949,-0.006888006874337932,-0.0043831994120398145,-0.0003290970738980327,1
466,-0.014330937519883215,-0.005544219567087637,-0.00689971919328217,-0.004539566047972136,-0.000764158100058877,1
467,-0.014331086469225951,-0.005558343834559378,-0.006866737573579066,-0.0045559909346844256,-0.0010698066756659294,1
468,-0.014330919169540086,-0.005550546274680829,-0.006806703497975974,-0.004528378716125397,9.92263921483554e-05,1
469,-0.014331266181293248,-0.005530232479960245,-0.006696693451919472,-0.004177689755308457,-0.0007025926171058674,1
470,-0.014331009491490077,-0.00555934897852871,-0.006819668843434141,-0.004341702292583444,0.00015635565642710874,1
471,-0.014330736208944941,-0.0056044473850532,-0.006848825967821704,-0.004677344318110011,-0.0003391311348987566,1
472,-0.014331190051508683,-0.005501563829352159,-0.007014483487897211,-0.004538097654264569,-0.0016338735818610993,1
473,-0.014331188339549862,-0.005545557783125925,-0.006856043786581591,-0.0044267355085339235,-0.0006150415442446448,1
474,-0.01433095212049693,-0.005571105968121342,-0.006794688908140417,-0.004482772990071945,-0.0008366089989080292,1
475,-0.014330898093754187,-0.0056452956992768645,-0.006685645245603659,-0.004541424314473466,0.0010757288021530412,1
476,-0.014330977192567717,-0.00557577036884792,-0.006974936871963015,-0.0045054952903014,-0.0002560163559870207,1
477,-0.014331038790531991,-0.005468876407043948,-0.007041410165938693,-0.004637464471910884,-0.002116021193236924,1
478,-0.014331298739541856,-0.00546948608817923,-0.006982405237404683,-0.004464971449423504,-0.0014074267520965316,1
479,-0.014330995654604812,-0.005553582528916267,-0.006855972065725821,-0.004305032964240723,0.000594947951653612,1
480,-0.014331237409357354,-0.005497198146374855,-0.006885094046286233,-0.004397374781377238,-0.001714077426085081,1
481,-0.014331004053314769,-0.005587799173139649,-0.0067343436720572695,-0.00480330700894332,-3.872000210629686e-05,1
482,-0.01433100939391932,-0.005575559411578524,-0.006847941610582619,-0.004651138510600031,-0.000949600354900096,1
483,-0.014330901136560362,-0.005518290152738128,-0.006944082168441413,-0.004335917142748232,7.46700659587325e-06,1
484,-0.014330962695054376,-0.00562204121768117,-0.006747565342559492,-0.004476330208502282,-0.0007828517978439868,1
485,-0.014331052408505993,-0.005470035447859193,-0.006937221782095106,-0.003918419461034547,-0.00031245340053198814,1
486,-0.014331219550289634,-0.005499247347580947,-0.0069167221620402355,-0.004293208674504512,-0.0006594097825877911,1
487,-0.014331057351708577,-0.005513919249164766,-0.006839098517552957,-0.0041180638884468585,0.0008847258512203649,1
488,-0.014331195303699095,-0.005527979409606487,-0.006897012196690764,-0.004601173123922179,-0.002335554560063394,1
489,-0.014330924093483606,-0.005626853090670473,-0.0067128358036452965,-0.004361165661473087,0.000770292917017136,1
490,-0.014330867628386574,-0.005555755932742325,-0.006912782992990699,-0.004502235089519808,-0.00045495424950614543,1
491,-0.014330744664436122,-0.005603998694393361,-0.006734688354186358,-0.004346611363776319,0.0007489314636367757,1
492,-0.014330985099884848,-0.005551619971502961,-0.006943005082868589,-0.0045151402367843985,-0.0006571889487474126,1
493,-0.014330917722286927,-0.0055532382545816885,-0.006831743684684866,-0.004065538392672127,-0.0004629745771495735,1
494,-0.014330950077737221,-0.005546216512730545,-0.00695220373166186,-0.004564270206720266,-0.0008915370324739519,1
495,-0.01433088468265245,-0.005601666007497312,-0.006794136289488157,-0.004498686315458999,0.0005630657078330493,1
496,-0.014331034995571132,-0.005544016413867216,-0.006759081692356851,-0.004188304821836686,-0.00028392341901093294,1
497,-0.01433096280861884,-0.005611540846741601,-0.006599329869643416,-0.004574073874897647,0.0008152913942812271,1
498,-0.014331092339803229,-0.005526584047548068,-0.007039207253372724,-0.004535310174988725,-0.0017207746423347282,1
499,-0.01733231177006008,-0.00933607446974598,-0.01533976419991374,-0.014277729667663872,-0.03108748155904194,1
500,-0.01433098354925642,-0.005594064743493629,-0.006674671054245636,-0.004497302775852043,0.00019410164734983852,1
501,-0.01733231177006008,-0.00933607446974598,-0.01533976419991374,-0.014277729667663872,-0.03108748155904194,1
502,-0.014331135070943564,-0.0055228383917989175,-0.006897718910133795,-0.0044290993895147865,-0.001281713192801728,1
503,-0.014330774400151597,-0.005653539485637221,-0.006716396639872577,-0.004389427457511207,-2.8902231017877112e-05,1
504,-0.014331043091159007,-0.005565597454630564,-0.006759713419311655,-0.004244993276968451,0.0005611891545753795,1
505,-0.014331154944366679,-0.005533599540399605,-0.006875661708308179,-0.004725519476311907,-0.0014108192509262652,1
506,-0.022309968438388898,-0.04351535289948951,0.6002063033789268,0.011755127036862404,-0.7001116443277351,1
507,-0.022674902167282542,-0.04487531484005152,0.6230719537333599,0.012963886657759955,-0.4733423264243833,1
508,-0.02267511989365328,-0.04481446400740912,0.6229618680652402,0.012921674656268792,-0.4748380548658261,1
509,-0.022674995313767383,-0.04472359284355156,0.622931105746195,0.013817532085030098,-0.47375859314300517,1
510,-0.014331080268806737,-0.005528104059891596,-0.00688689106091025,-0.00428749091355793,-0.0008481439453563448,1
511,-0.014331120854733521,-0.005488138913476775,-0.006824466630906276,-0.003753218971433767,-2.224218315735263e-05,1
512,-0.01433080913908244,-0.005549730002451799,-0.006835703365482282,-0.004286807119846592,0.0007021364396930098,1
513,-0.014331232388322112,-0.005514506387603994,-0.006973772119278649,-0.004608441549337618,-0.0011795867744661456,1
514,-0.014330975473518345,-0.005589599307247037,-0.006778865523116661,-0.00475868744828971,-0.00012811290306648937,1
515,-0.014331117317691537,-0.005561616883140715,-0.006835587061989884,-0.004381146908797049,-0.0006407516947502471,1
516,-0.014331197736187901,-0.005496774531402099,-0.006924145084335007,-0.004044600930613148,-0.0009849056867875686,1
517,-0.01433070680657382,-0.005648278215883664,-0.006702608845173277,-0.004668567274217921,0.00037230178678860363,1
518,-0.014331035578733116,-0.005504218996467114,-0.0069645191660747535,-0.004349385091768253,-0.00010132320742267756,1
519,-0.014331267467080714,-0.005551239613305299,-0.0068917311286728,-0.004986423080387948,-0.0020157172998456086,1
520,-0.014330840545789642,-0.005558722394315402,-0.006780820635270118,-0.004421672520908038,0.001357600199310889,1
521,-0.01433087920692567,-0.005580369751347754,-0.00681312039950473,-0.004454360918995085,-0.0001772642788005148,1
522,-0.014330819120806984,-0.005522358115184069,-0.006970997798954012,-0.00409826570173813,0.000819591497309338,1
523,-0.014331057330798185,-0.005555789014954633,-0.006945800483947823,-0.004747653147493544,-0.0005898360836422473,1
524,-0.01433109436910902,-0.005593025516779148,-0.006739046639617453,-0.004547900399711528,-0.0005373358286443472,1
525,-0.014331064080860509,-0.005562671399049015,-0.006798674451623465,-0.004427782400459242,-0.00014240595538061069,1
526,-0.01433111126167963,-0.005520223474204453,-0.006857519989249876,-0.0043584159216297404,-0.00023533879293266116,1
527,-0.014331080515652265,-0.005548696420340125,-0.00681236598297175,-0.004522307705551726,-0.00153726856405374,1
528,-0.014331009983480508,-0.005570455661838397,-0.006834498078021832,-0.0042334684557438565,-0.00022925513496483888,1
529,-0.01433103055135484,-0.005576416199907362,-0.006715601657355047,-0.004373049367746216,-0.000851940100133154,1
530,-0.014331097619285447,-0.00555210534849656,-0.006869862448104079,-0.004439128197939335,-0.0009217296920261098,1
531,-0.014331075648580778,-0.005524799042494143,-0.006827586332493127,-0.004426273347333207,-0.00027182153736005375,1
532,-0.014331011556215103,-0.005616739945779131,-0.006758155283949886,-0.0046563294769851726,-0.0001802912850844509,1
533,-0.014331047928950173,-0.005531968553017074,-0.006921424186726368,-0.004472278990823872,-0.00019147054142454187,1
534,-0.014331029385240418,-0.0055926450708847,-0.006736179887031558,-0.004612323117810239,0.0003951002593940124,1
535,-0.014331134193255771,-0.005547131250468492,-0.006801157892292575,-0.004316488131254071,-0.00039895226918479663,1
536,-0.014330853098960662,-0.005583727748529208,-0.0068254044507363824,-0.0044057764289160434,0.00017316273853654668,1
537,-0.014331170737353975,-0.005552624792386289,-0.006808145234520358,-0.004495764402573999,9.460498706471548e-05,1
538,-0.014331152053926832,-0.0054773032442730065,-0.0067484782493105935,-0.003990024404216504,-0.0005644949009459742,1
539,-0.014331048138648404,-0.005522179044534355,-0.006783553066526813,-0.003921439176486728,3.3507362049668894e-05,1
540,-0.027511825458861685,0.9255441680427982,0.05161289628097542,0.011969112565171003,0.00021984999259895506,1
541,-0.02403205040016435,0.7094787954429812,0.038481471145637276,0.008510381114619308,0.00011687607001495539,1
542,-0.024032049405888545,0.7094785259181995,0.038480299981136355,0.008504171214461348,0.00011527764149471851,1
543,-0.02403205155868013,0.7094798910045955,0.03847974167651773,0.008515760466997145,0.00012432712193553554,1
544,-0.024032054282947808,0.7094792740582124,0.03848009802599485,0.008510514355702282,0.0001148691800270624,1
545,-0.024032052319561015,0.7094792368133391,0.03848099264680419,0.008514444719108989,0.00012367938336461405,1
546,-0.014331231123816774,-0.005487350159163955,-0.006884560175407858,-0.004024499153949649,-0.0006054552813728721,1
547,-0.01433102624649537,-0.005559209116111409,-0.0066826530156288855,-0.004451678103438233,-7.62724796313751e-05,1
548,-0.014331205574036913,-0.005491903879915026,-0.0069259992649854454,-0.004222956543336351,-0.0011531891145212922,1
549,-0.014331266532066574,-0.005507562848364019,-0.006839187075922458,-0.004155558853756634,-0.0007148464609110664,1
550,-0.014331060969017598,-0.0055505159884342665,-0.006849112419737301,-0.004395634540022281,-9.751686501518618e-06,1
551,-0.014331065306100722,-0.005541243656447158,-0.00683301136055255,-0.004427431911955965,-0.0009413502357307093,1
552,-0.01433115524865314,-0.005506142618291264,-0.006830353075805876,-0.003996299346764213,-0.0009514966212327512,1
553,-0.0143310711738196,-0.005565863945580767,-0.006790857328838076,-0.00419000422639903,-0.00043576047296052967,1
554,-0.014331041317414767,-0.005551855914377205,-0.0068640799132305315,-0.004531398497770239,-0.0018495848867315999,1
555,-0.014330909796131823,-0.005580993114112958,-0.006766011638031571,-0.004146760899758916,0.0004016969710086621,1
556,-0.014331146107045625,-0.005501269518918,-0.006851030165275445,-0.004398274062356476,-0.0011512879557564895,1
557,-0.014331006335873493,-0.00558733489400642,-0.006835475898800056,-0.004670963831328702,-0.000528729091171422,1
558,-0.01433094233352687,-0.005499212247986284,-0.006972878313896693,-0.004284813933041983,-0.0008984003720914459,1
559,-0.014331275566942286,-0.005529834624081544,-0.006847302455152167,-0.004755601039604158,-0.001635461551703657,1
560,-0.014331264693752586,-0.005513816606959086,-0.006822931631192127,-0.004303948036469167,-0.0014867485914503104,1
561,-0.01433100044638604,-0.00552116228017212,-0.006781990501917997,-0.00442671786884366,-0.0007633418888483914,1
562,-0.014331227056074227,-0.0055292502430574495,-0.006909940524494795,-0.004585274980471849,-0.0018534907214923916,1
563,-0.014331015610154964,-0.005561254314331442,-0.006695199204423102,-0.0045794959708920675,0.0004792809372169582,1
564,-0.014330887898433998,-0.005628450206752095,-0.006777180825835694,-0.004254589427310263,0.001354651241997836,1
565,-0.014331181615238824,-0.005560397999029701,-0.006703494702193552,-0.004470174208401258,-0.0009444295200044858,1
566,-0.014330776279760711,-0.005576955999898414,-0.006801431663073727,-0.004347237528052989,0.0002615538324212973,1
567,-0.01433117232612868,-0.00553510333345931,-0.006833762150130606,-0.004521165487779739,-0.00109963270862225,1
568,-0.014331129543859011,-0.00544814861310751,-0.006932833647130047,-0.003692580713986019,-0.0006708405351830049,1
569,-0.014331372848257138,-0.005459736940070011,-0.006942249590935461,-0.004658714991635855,-0.0033943827848972644,1
570,-0.014331282573682894,-0.005453551607678346,-0.006963648628069016,-0.004602717107373808,-0.0016092540398907331,1
571,-0.01433118012808288,-0.0054894342352039905,-0.006868786240103579,-0.0040815812978572015,-0.0010086334477027218,1
572,-0.014330813952368735,-0.005539342023595978,-0.006812173804120835,-0.003498659799316082,0.0018382494916393247,1
573,-0.014330993290553325,-0.005566025020695396,-0.00680920420626775,-0.004379323414240462,5.918796670265937e-05,1
574,-0.016261048562843793,-0.008710404784370268,-0.01077132509089027,-0.011486890132243669,-0.005197174446903884,1
575,-0.0162610485668001,-0.008710401784240847,-0.010771332293762675,-0.01148690914192104,-0.005197222856338642,1
576,-0.014331046751262833,-0.0055103800019623665,-0.007016374379063594,-0.004604519944372545,-0.0013712051935996718,1
577,-0.01433110813264223,-0.005539232258004842,-0.0067610779500462456,-0.0043917804540993715,-0.0007118344442043972,1
578,-0.014331118604692716,-0.005529297791410302,-0.006887699286047414,-0.004340715253641267,-0.0007842218475702055,1
579,-0.014331092612033757,-0.0054869808232913386,-0.006898585374284515,-0.003884354081631686,-0.0005229482433069784,1
580,-0.014330915587441673,-0.005540568880849107,-0.006953030354463067,-0.004022915639274754,-0.00038131311484454987,1
581,-0.014330807865700079,-0.005570752906629827,-0.006795019271833092,-0.004038913161050339,0.0004406420283351217,1
582,-0.014330766928507812,-0.005664028087435792,-0.006767612678000929,-0.00464469660276806,0.0012506025181278112,1
583,-0.014331149901656372,-0.0055492495817838425,-0.006782199548098047,-0.004789665709473488,-0.0010360508413050171,1
584,-0.014331199971674017,-0.005480132456067533,-0.007033079854369807,-0.004570366753830284,-0.0019752254020453837,1
585,-0.014330979301736232,-0.0055486940943708755,-0.0068925641798560575,-0.004587331278419943,-0.00010171665070474468,1
586,-0.014330985752096346,-0.005533356794103592,-0.006850114660402303,-0.00425152094912677,-0.0005985751356092574,1
587,-0.014330920947235247,-0.005586447571540219,-0.0067714470143260645,-0.004417963284899948,0.0006410598968256507,1
588,-0.014330853347342387,-0.005533343337911169,-0.0068635293132564765,-0.003929022430885831,0.0007140320269873304,1
589,-0.014331252633555976,-0.00552103728700773,-0.006879582461032405,-0.004337433155884788,-0.001225215768301629,1
590,-0.014331131583426996,-0.00547948258489744,-0.006914755894118269,-0.00367284832432027,0.00028004667876074563,1
591,-0.014330909987527033,-0.005557013188745909,-0.006731373751762292,-0.004494641331132967,0.00017284411411601835,1
592,-0.014330897367645687,-0.005570879838043672,-0.006774646802300364,-0.004201896283741206,-6.435765046043288e-05,1
593,-0.01433103153632559,-0.005527232673601094,-0.0066734706524823155,-0.004086541263949546,0.00037959496578155225,1
594,-0.014330969178716417,-0.005591911254080319,-0.006731227441662003,-0.004311547634732151,-0.00020776392811998651,1
595,-0.014331018312583058,-0.005533160426860764,-0.006819501402257327,-0.0038148195464234804,0.0003464696307600783,1
596,-0.014331107209958253,-0.005531822199636093,-0.006801701321475062,-0.004130737379518308,-0.0014176730238907621,1
597,-0.014331075450952172,-0.005559982579260673,-0.0068872823520559606,-0.004590712030931742,-0.0001900623189635622,1
598,-0.014331045327152726,-0.005583678775079001,-0.006744975124124799,-0.004573711404574069,-3.1914513280829535e-05,1
599,-0.01433090855854887,-0.005614441970138828,-0.0067866942348720136,-0.004484711414060516,4.417800448796379e-06,1
600,-0.014330933901316878,-0.005549962011439488,-0.006847705548220303,-0.003915877225311625,0.0007688901969377616,1
601,-0.0143312095355618,-0.005494788918145394,-0.006933480414630917,-0.004141508764887861,-0.0010848271423301572,1
602,-0.0143311111361219,-0.005529262506307481,-0.0068325734715692504,-0.0044767584617831455,-0.0014858253531477206,1
603,-0.014330884097340433,-0.005573662705601817,-0.006763187802330218,-0.004103729454153023,0.00041168177114982537,1
604,-0.014331063381078086,-0.005542286390759884,-0.006748278269388898,-0.004277479267358317,-5.1334470159649e-05,1
605,-0.014330929079930404,-0.005572701327486285,-0.006714546917069799,-0.0039148086581263526,0.00042731861545120784,1
606,-0.014331063365743654,-0.0055092696924880094,-0.0068694620481796614,-0.004092112869609858,5.647522828958369e-05,1
607,-0.01433092421675721,-0.005561651549540121,-0.006874822447452512,-0.004408860368035931,9.704059330642537e-05,1
608,-0.014331085434836088,-0.005512189309359599,-0.006855373632206322,-0.004193811576259572,-0.000961825222672987,1
609,-0.014331100398813983,-0.005496117045415371,-0.0068956026999711945,-0.004309619003631001,-0.0008629686480780769,1
610,-0.014331071794921222,-0.005555788159830679,-0.0068644363213485465,-0.0045073763442016555,-0.00019596154187900275,1
611,-0.01433108409249515,-0.00552295801697706,-0.006866741123815245,-0.004110299392771217,4.0859970809073453e-05,1
612,-0.014331016541222937,-0.005545613700433176,-0.006690950929055039,-0.003942094924061529,0.0006288307930227,1
613,-0.014331121278240728,-0.005489628616793141,-0.006941222034419424,-0.004338080573938082,-0.0010065701104259004,1
614,-0.014331371335479341,-0.005446161072636991,-0.006925867804572562,-0.004246889559962291,-0.0016817425751092109,1
615,-0.01433103626670011,-0.005563575160009045,-0.006822733319541361,-0.0046659614320829846,-0.0005934853549439183,1
616,-0.01433098766121275,-0.005574323036488719,-0.0067856688903572965,-0.0046476170532142366,2.3262749256561547e-05,1
617,-0.014331256605795697,-0.0054861008574162914,-0.0069262989631899575,-0.004325624357219976,-0.0009398222512144597,1
618,-0.014330532961417756,-0.0056591625306172165,-0.0067586509840311705,-0.004454476622526649,0.0015129711299583164,1
619,-0.014331019602852695,-0.005522878445550913,-0.006819368094301854,-0.00435285019187644,-0.0006403236884525668,1
620,-0.014331070245485173,-0.005514748955526534,-0.006847428591564359,-0.004276269763815904,-3.5451543014327984e-05,1
621,-0.014330740585869929,-0.00552113686613611,-0.0067652350129416925,-0.003559226213996945,0.0020057061397219128,1
622,-0.014331185946294116,-0.005539436296285496,-0.006949658596979982,-0.004732159326728759,-0.001174633897496748,1
623,-0.014331147444192067,-0.005557496147390765,-0.006851470147768055,-0.004623345164207001,-0.002055756415193516,1
624,-0.014330910094026665,-0.005576601758011521,-0.0068129928352522445,-0.004579352438171021,0.00039865288042076466,1
625,-0.014331038205577394,-0.005589757307016049,-0.006875172473842506,-0.004787240175074699,-0.0011806764301405912,1
626,-0.01433111610051249,-0.00557662376588946,-0.006767439979127982,-0.004475030903543717,-0.000577423697447211,1
627,-0.014330787947308393,-0.005607699241775812,-0.006665763105511762,-0.0043334326733502175,0.0005499575611562153,1
628,-0.014331165549941354,-0.005537967485107902,-0.006801396932834719,-0.00434642522095819,-0.0011054020347497585,1
629,-0.014330944458326507,-0.005512117302726043,-0.006939933414040621,-0.0044097857017369076,-0.0003888564765822689,1
630,-0.014331050856005023,-0.0055115054118012536,-0.006824398358302019,-0.003945735792648991,0.0006601244435874701,1
631,-0.014330811597258764,-0.005597255154206365,-0.006718133877550717,-0.004467383455346869,0.00017198888555763062,1
632,-0.016260749947707587,-0.007571641680885748,-0.012578178744564433,-0.009125740132230263,-0.014207018237939174,1
633,-0.016260749962492937,-0.007571638621131858,-0.012578183068292795,-0.009125751579489983,-0.01420706472327327,1
634,-0.01433107237415322,-0.005525867723573321,-0.006829230593329546,-0.004064125834770905,-0.0010330728656489335,1
635,-0.014331104551691318,-0.005500507932294157,-0.006842359879577601,-0.004270970081922183,-0.001110823795403167,1
636,-0.014331314130891063,-0.005453764946489635,-0.007003023886065812,-0.004202212885620642,-0.0016154870326362516,1
637,-0.014331151181732846,-0.005507184890334996,-0.006932827351965166,-0.0042900593219062505,-0.0012028510132283889,1
638,-0.014330918505483334,-0.005562297957196929,-0.00684591257339634,-0.0042858256027198255,5.570374743925317e-05,1
639,-0.014331284933515726,-0.005483392524838141,-0.006972825741966355,-0.0048748217184870594,-0.002044535872956464,1
640,-0.014330909278132969,-0.005545401283362292,-0.00683537386625825,-0.004399934279415165,0.0006254895238152382,1
641,-0.014331344650081719,-0.005501983550728453,-0.00700669961640123,-0.004628918567296603,-0.00222706414642324,1
642,-0.014330960137580754,-0.005531493686472707,-0.006918029939595537,-0.004519221084672499,-0.0008336761076610005,1
643,-0.014330911881110998,-0.005615803180409979,-0.006718802916391542,-0.00454503824109772,-0.0003747083956008768,1
644,-0.014331051152743694,-0.005553852309504581,-0.006946923317475947,-0.004491600481338448,-0.0009758492918825459,1
645,-0.014330890059143234,-0.005588163116842434,-0.006839508447789635,-0.004633023511328247,-0.0005578256730211966,1
646,-0.014330853874363161,-0.005559262725040956,-0.006776342463715168,-0.00453204094779131,-0.00013070646215678904,1
647,-0.014330833195854186,-0.0055896849541540216,-0.006761485610202492,-0.004454308451032567,-0.00036993387844057193,1
648,-0.014331121669301618,-0.00555941767122072,-0.0068360549949673215,-0.004656877102781339,-0.0004686611887136456,1
649,-0.014330998397994536,-0.0055994365349570285,-0.006811316292891181,-0.004841394060206776,-0.0014015692630006695,1
650,-0.014331078429480061,-0.005518468288435647,-0.0068675846970159375,-0.004203716164128384,-0.00025593914592292425,1
651,-0.014331142244642372,-0.005539543172348371,-0.006797127881614446,-0.004303158777386941,0.0002559744053012954,1
652,-0.014331216324792262,-0.00552693549078525,-0.006839455705125256,-0.004601115338469939,-0.0019184932493332434,1
653,-0.014330974786189547,-0.005492154334534968,-0.006855503288292245,-0.004200659668307624,-0.00021519965957507268,1
654,-0.014330956364608505,-0.0055581527734459,-0.006900091616091172,-0.004446096414018086,-0.0004214044456504291,1
655,-0.014331126446461867,-0.005542069477955169,-0.0069206703480280424,-0.00461542444008429,-0.0016080594920670854,1
656,-0.014330771296125876,-0.005640027015871967,-0.006759753056685013,-0.004657745839992275,0.00019896424048242107,1
657,-0.014330917918206102,-0.005583097657581989,-0.006856436796990781,-0.004777266143007389,-0.0011478455266945512,1
658,-0.014330866196876502,-0.005649080373676375,-0.006666204223776449,-0.00480301825798264,0.0009012694120052051,1
659,-0.014331135652470284,-0.005473755389736535,-0.006866423829476203,-0.0040391413522203184,-0.0005171906641437795,1
660,-0.014331053728005243,-0.005494692173558024,-0.00686855221373575,-0.004035564938564594,-0.0006791522533922663,1
661,-0.014331258156065185,-0.005519054260396829,-0.006864609787370498,-0.004302013130835832,-0.000835470313405462,1
662,-0.01433113854535971,-0.005488695669356424,-0.007037385476138637,-0.0044098938281599215,-0.0007663920321735154,1
663,-0.016793610645928835,-0.010397914978214354,-0.013384060461105523,-0.019526989907861086,0.01972289270954499,1
664,-0.019685357685193056,-0.014780997273722608,-0.020567914853384085,-0.03284968137901426,0.04887830261106381,1
665,-0.014331028491670096,-0.005539006106199601,-0.006812019675997988,-0.004150171627433436,0.00012680941502098603,1
666,-0.014330851815636897,-0.005572962050981046,-0.006747486514393912,-0.0042333767251512945,0.00011727431939850587,1
667,-0.014330771069896558,-0.005613327630956811,-0.006676368847970645,-0.004416126410353433,0.0011880557665787008,1
668,-0.014331168770892955,-0.00548625469723579,-0.006999838764562843,-0.004576508847606667,-0.0014219296773442993,1
669,-0.014330751767777445,-0.005616301222761896,-0.0066945747614300805,-0.004183378166194926,0.000597938168167553,1
670,-0.014330994522259404,-0.005539827119544706,-0.006781181848984958,-0.004124219440980196,0.00028648216950980096,1
671,-0.014330891049426574,-0.005579072997507936,-0.0067907602973870645,-0.0044051517111239336,0.0005438111917010674,1
672,-0.01679640578901998,-0.009296596710876393,-0.015397984742311344,-0.02062684111362318,0.013146300700960433,1
673,-0.019687378149901597,-0.013984911127336196,-0.0220236767958555,-0.03364470706228925,0.044124423606473485,1
674,-0.014330957053296638,-0.005604822287446348,-0.0067871268260496715,-0.00445961872650838,0.0005625762513936883,1
675,-0.01433096619169997,-0.005545377091792978,-0.006838180113067428,-0.004423363778491212,-0.0004066415836995414,1
676,-0.014330984223292985,-0.0055922602727693374,-0.006812027369883686,-0.004714347918547839,-0.0014232823848544388,1
677,-0.014331025059916238,-0.005530246736442701,-0.006915349529778585,-0.004164148098141004,-0.00025618262470667667,1
678,-0.014331037180519823,-0.005597400374076989,-0.006720500808707731,-0.004250461797032919,0.00048347123040049054,1
679,-0.014331058641314136,-0.00554310955155586,-0.0068807982636286446,-0.004594546070990083,-0.0007953840016344226,1
680,-0.014330987792109172,-0.005552819205910804,-0.006743435143318155,-0.004424913731414337,-0.0005968705325258122,1
681,-0.01433120928315941,-0.005516244141835064,-0.007023048642562828,-0.004573085936498838,-0.001679501190109645,1
682,-0.01433120956511667,-0.005548344137762697,-0.006943659092322006,-0.00460396526705728,-0.0016354020344724791,1
683,-0.01433100153528472,-0.005559359416369726,-0.00675662379143009,-0.004440270970153044,8.082433443124407e-05,1
684,-0.014330876959666755,-0.005555937408580862,-0.006781049941755253,-0.004439292355128743,-0.0008186463456238697,1
685,-0.01433107207165379,-0.005543663861518006,-0.006760904628991528,-0.004226083927836496,-0.0003333801210716217,1
686,-0.01433112276397095,-0.005498616054772291,-0.006928324156854284,-0.0042016069046085635,-0.0011298059966825395,1
687,-0.014330945511753472,-0.005596493935864992,-0.006849778447767503,-0.004637337094174004,-0.0006514828112395371,1
688,-0.014330978197515786,-0.005546772211108527,-0.006896382886523379,-0.00446676026823222,-0.00024997762267598973,1
689,-0.014330973783089902,-0.005559388643911673,-0.006682720873009656,-0.004482789179835578,-0.0007655457555227285,1
690,-0.01433083137243286,-0.0056378372312015194,-0.0065666858358666026,-0.0043459019818363875,0.0012385466136147997,1
691,-0.014330991464401048,-0.005566802256876429,-0.006885314487764272,-0.004794778518591183,-0.001544584427582921,1
692,-0.014331088922498798,-0.005572590173514814,-0.006778328837848274,-0.004417693290653675,-0.0005933411430161406,1
693,-0.014331093710869672,-0.005583864478620262,-0.006863494503832597,-0.0046626488580669865,-0.0008651777330413149,1
694,-0.014331083811804415,-0.0055520843822212,-0.0068352912215113755,-0.004249812278091798,-0.0006817283643960157,1
695,-0.014330777488950144,-0.005617627340484549,-0.006711757461617122,-0.00450599948144827,0.0008021137088614343,1
696,-0.014331339299111134,-0.005500591436358469,-0.0069326261171340055,-0.004122513081072321,-0.0013911433104254508,1
697,-0.01433104762290682,-0.005554078570903619,-0.006749763383361054,-0.004384195236309381,-0.00018281114016937948,1
698,-0.014331151133981057,-0.005564419778823571,-0.006759193300686038,-0.004817835702154848,-0.0008690766807349546,1
699,-0.014330858113028085,-0.005610341109215593,-0.006735344427448083,-0.0045815738039837964,0.000538177304777591,1
700,-0.014331378817706221,-0.005466209532341629,-0.006941024430922954,-0.0044937785232008936,-0.0012188530448035,1
701,-0.014331152499234268,-0.005567745172381067,-0.006908069075054448,-0.004977251634728549,-0.0014955760491178604,1
702,-0.014331134942131831,-0.005543708982335773,-0.006785183936244357,-0.004423349376542205,-3.7421524184800376e-05,1
703,-0.014330959700428598,-0.005600710915034833,-0.006803752043011339,-0.004831154806101809,-0.0011465443977665987,1
704,-0.014331057133176263,-0.005576913011211945,-0.0067392847254481286,-0.004747735223831801,6.635723490484086e-05,1
705,-0.014331041789947596,-0.005558315506665295,-0.00679241611377638,-0.0044921410948179875,-0.0001771697740083853,1
706,-0.014330949981816079,-0.005520814721757743,-0.006844066698208615,-0.004231711383954638,-8.999024270385438e-05,1
707,-0.014330908109913354,-0.005659540196155012,-0.006645143217988408,-0.004744978112154161,0.0001632800970226369,1
708,-0.014330703048779272,-0.005620696264858912,-0.006729566425515042,-0.004531795117372613,0.0013431160731650297,1
709,-0.014331088296658294,-0.005570240678536934,-0.006893396210839189,-0.004893551915574302,-0.0015862617441612403,1
710,-0.014330945515523974,-0.00555172837469381,-0.006859605781530549,-0.004475237716195174,-1.5324592900461953e-05,1
711,-0.014331231693831596,-0.00552084402033372,-0.0069104386580570425,-0.004149457294019982,-0.0009453201368475788,1
712,-0.014330985114884622,-0.005548957650120705,-0.006845409741443667,-0.00428901518575773,-0.00029753196057651234,1
713,-0.014331050717995182,-0.005563491395669757,-0.006821129266195644,-0.004491206770273949,-2.1117180613756015e-05,1
714,-0.01433084600769695,-0.005566128389178836,-0.0067289334711992405,-0.004554696900456078,0.00028900674119707265,1
715,-0.01433107959178626,-0.005541455899913789,-0.006906085457095607,-0.004631333976583466,-0.0004878839987582554,1
716,-0.01433085817784716,-0.005552827583783291,-0.006806897848306909,-0.004352009983276275,0.0008428609266434863,1
717,-0.014331128491258002,-0.00558984492531531,-0.006781062554621339,-0.004389012296385291,-0.0009798188387176348,1
718,-0.01433117538356976,-0.005485405910664596,-0.006927053307266259,-0.004125788268070839,-0.0014018381379910503,1
719,-0.01433101768771874,-0.005511749679992642,-0.006953275558773892,-0.0043059765619281685,-0.001167156022981373,1
720,-0.01433124732496132,-0.005498944032379663,-0.006905908785148816,-0.004626257178027374,-0.0017886984577557199,1
721,-0.014331208140435526,-0.005472036661395391,-0.006860958537572305,-0.004373304165491239,-0.0007299841496119768,1
722,-0.01433108596807973,-0.005568819656312433,-0.006830344849234494,-0.004654872884938512,-0.0003259114955494153,1
723,-0.014330974076262704,-0.005609807615015258,-0.006660498508216917,-0.004529887330817105,0.0006691924390422577,1
724,-0.01433102743303097,-0.005539367440530359,-0.0069178581568197905,-0.004352605009454842,-0.0008518938183662407,1
725,-0.014331044037388996,-0.0055940270717109485,-0.006717979416660358,-0.004248016000962021,-0.00036971494036373614,1
726,-0.014331070556503246,-0.005557077028429323,-0.006872577713906472,-0.004464437638006778,-0.00015339173058467816,1
727,-0.01433119199592835,-0.005514605161825066,-0.006952110079246678,-0.0048742896093946705,-0.0013954696684185762,1
728,-0.014331008402910888,-0.005584074189961733,-0.006918263921121565,-0.004742541583995322,-0.0006838996307024091,1
729,-0.01433109481010035,-0.0055799169162819,-0.006776884687330308,-0.00440647272142468,-0.0003367029627818922,1
730,-0.014330878354670935,-0.005570298312458339,-0.006761330070380727,-0.004075884687380074,2.028346179372744e-05,1
731,-0.014331063179038886,-0.005564002011929502,-0.006730628828833353,-0.004287396297599315,-0.00012594756749526644,1
732,-0.014330906767027824,-0.005536726293539096,-0.0069288825101156745,-0.004232479804489431,-0.0007754773599272897,1
733,-0.014331078821980208,-0.0056026960794997305,-0.006753711233732468,-0.004402135620884612,-0.0001447290889430294,1
734,-0.014331277156597974,-0.005494788001839496,-0.00679394164381438,-0.004114134400145351,-0.0008202162923406367,1
735,-0.014330934833292912,-0.005556462154131499,-0.006938292122298684,-0.004281640005711441,-0.00035203475970636063,1
736,-0.018463852840663292,-0.012720543928708923,-0.014352470496438195,-0.02406864563809328,0.03936064565461751,1
737,-0.01785078808877492,-0.011819893049050451,-0.013363149429690448,-0.021832466577892833,0.03515475247060368,1
738,-0.017850786173706043,-0.01182052783969343,-0.013362087424181303,-0.021833544528526524,0.03516431719138823,1
739,-0.014330920053008674,-0.005582477234647271,-0.0068254584636608905,-0.004396570492408729,0.0006108252242439578,1
740,-0.014331262969697015,-0.005573485100730764,-0.006795755087333167,-0.00441043553740504,-0.0006930913508831501,1
741,-0.014330932930801909,-0.005581153621501746,-0.006686703434066821,-0.004209929648612771,0.0006735612263462923,1
742,-0.014330823489645603,-0.005577535396280586,-0.006801172602191662,-0.004402787136361756,0.0005544467195028576,1
743,-0.014331139700206334,-0.005557002007893396,-0.006715530434152619,-0.004421017928026839,-0.001256864049080771,1
744,-0.014331123009041859,-0.005520109508486301,-0.006817529122552174,-0.004093252631036033,-0.00018393987021952425,1
745,-0.014331021132465517,-0.005558219229928997,-0.006735359165625877,-0.0043386825437534285,0.0008917413262804123,1
746,-0.014331070978462835,-0.005534535389296412,-0.0068709660327194375,-0.004225448214401507,0.0005961188322062805,1
747,-0.01433126026052545,-0.005527193700718032,-0.00689868470148477,-0.00442189073464918,-0.0007805319864565159,1
748,-0.014330891150252777,-0.005567450963576933,-0.006796930878934392,-0.00412582676362403,0.0007830057888786135,1
749,-0.014331025807544863,-0.005556388064676529,-0.006927040386378475,-0.004490039538149642,-4.696528020162405e-05,1
750,-0.01433081317444419,-0.005634968939825527,-0.006698433272984773,-0.0045858833368082035,0.0007237699716514432,1
751,-0.014330927889563572,-0.005543776196095078,-0.006742176474994625,-0.003887932908517635,0.00010463995117222338,1
752,-0.01433114288962649,-0.005523478826561713,-0.006848391188420393,-0.004416989735484491,-0.0003279692831677582,1
753,-0.014330659753733228,-0.005658422136664689,-0.006526336886871507,-0.004319166839484037,0.0023736900121122976,1
754,-0.014331094366485693,-0.005588753660772883,-0.00668439051142813,-0.004574148354950271,-0.0007865824143230721,1
755,-0.014331126540259342,-0.0055107119866206105,-0.006702678777109176,-0.003728593265081786,0.00022916897965622127,1
